{
  "highlevel": {
    "danceability": {
      "all": {
        "danceable": 0.0435528308153,
        "not_danceable": 0.956447184086
      },
      "probability": 0.956447184086,
      "value": "not_danceable"
    },
    "gender": {
      "all": {
        "female": 0.836692810059,
        "male": 0.163307219744
      },
      "probability": 0.836692810059,
      "value": "female"
    },
    "genre_dortmund": {
      "all": {
        "alternative": 0.0085810245946,
        "blues": 0.00377205666155,
        "electronic": 0.970499157906,
        "folkcountry": 0.012495807372,
        "funksoulrnb": 0.000127788240206,
        "jazz": 0.00212866417132,
        "pop": 0.000351707742084,
        "raphiphop": 0.0000892695898074,
        "rock": 0.00195454619825
      },
      "probability": 0.970499157906,
      "value": "electronic"
    },
    "genre_electronic": {
      "all": {
        "ambient": 0.916799664497,
        "dnb": 0.00319508742541,
        "house": 0.0537069365382,
        "techno": 0.00952384248376,
        "trance": 0.016774456948
      },
      "probability": 0.916799664497,
      "value": "ambient"
    },
    "genre_rosamerica": {
      "all": {
        "cla": 0.84711587429,
        "dan": 0.00375103298575,
        "hip": 0.00945389922708,
        "jaz": 0.0335354618728,
        "pop": 0.0231943447143,
        "rhy": 0.0557038709521,
        "roc": 0.00852394849062,
        "spe": 0.0187215432525
      },
      "probability": 0.84711587429,
      "value": "cla"
    },
    "genre_tzanetakis": {
      "all": {
        "blu": 0.0626613423228,
        "cla": 0.0348169617355,
        "cou": 0.104475811124,
        "dis": 0.0784321576357,
        "hip": 0.15692435205,
        "jaz": 0.313974827528,
        "met": 0.0448166541755,
        "pop": 0.0627359300852,
        "reg": 0.0627360641956,
        "roc": 0.0784258767962
      },
      "probability": 0.313974827528,
      "value": "jaz"
    },
    "ismir04_rhythm": {
      "all": {
        "ChaChaCha": 0.00928012188524,
        "Jive": 0.00295117381029,
        "Quickstep": 0.000474066357128,
        "Rumba-American": 0.00119790749159,
        "Rumba-International": 0.000494344742037,
        "Rumba-Misc": 0.000511982303578,
        "Samba": 0.000757179688662,
        "Tango": 0.93624830246,
        "VienneseWaltz": 0.0469302535057,
        "Waltz": 0.00115466897842
      },
      "probability": 0.93624830246,
      "value": "Tango"
    },
    "mood_acoustic": {
      "all": {
        "acoustic": 0.679199099541,
        "not_acoustic": 0.320800900459
      },
      "probability": 0.679199099541,
      "value": "acoustic"
    },
    "mood_aggressive": {
      "all": {
        "aggressive": 0.104969710112,
        "not_aggressive": 0.895030260086
      },
      "probability": 0.895030260086,
      "value": "not_aggressive"
    },
    "mood_electronic": {
      "all": {
        "electronic": 0.032449927181,
        "not_electronic": 0.967550098896
      },
      "probability": 0.967550098896,
      "value": "not_electronic"
    },
    "mood_happy": {
      "all": {
        "happy": 0.437141567469,
        "not_happy": 0.562858462334
      },
      "probability": 0.562858462334,
      "value": "not_happy"
    },
    "mood_party": {
      "all": {
        "not_party": 0.916885674,
        "party": 0.083114348352
      },
      "probability": 0.916885674,
      "value": "not_party"
    },
    "mood_relaxed": {
      "all": {
        "not_relaxed": 0.105237871408,
        "relaxed": 0.894762158394
      },
      "probability": 0.894762158394,
      "value": "relaxed"
    },
    "mood_sad": {
      "all": {
        "not_sad": 0.296915501356,
        "sad": 0.703084528446
      },
      "probability": 0.703084528446,
      "value": "sad"
    },
    "moods_mirex": {
      "all": {
        "Cluster1": 0.0860097929835,
        "Cluster2": 0.377494990826,
        "Cluster3": 0.160512030125,
        "Cluster4": 0.148838192225,
        "Cluster5": 0.227144986391
      },
      "probability": 0.377494990826,
      "value": "Cluster2"
    },
    "timbre": {
      "all": {
        "bright": 0.993541777134,
        "dark": 0.00645824149251
      },
      "probability": 0.993541777134,
      "value": "bright"
    },
    "tonal_atonal": {
      "all": {
        "atonal": 0.448185235262,
        "tonal": 0.551814734936
      },
      "probability": 0.551814734936,
      "value": "tonal"
    },
    "voice_instrumental": {
      "all": {
        "instrumental": 0.783536612988,
        "voice": 0.21646335721
      },
      "probability": 0.783536612988,
      "value": "instrumental"
    }
  },
  "metadata": {
    "audio_properties": {
      "analysis_sample_rate": 44100,
      "bit_rate": 0,
      "codec": "flac",
      "downmix": "mix",
      "equal_loudness": 0,
      "length": 272.906677246,
      "lossless": 1,
      "md5_encoded": "3a2fdf8d204ec92cb1a0a832090b0ff9",
      "replay_gain": -3.56090354919,
      "sample_rate": 44100
    },
    "tags": {
      "acoustid_id": [
        "95a697a0-12a9-4c99-9f27-504e272bee95"
      ],
      "album": [
        "The Complete RCA Album Collection"
      ],
      "albumartist": [
        "Chicago Symphony Orchestra, Fritz Reiner"
      ],
      "albumartistsort": [
        "Chicago Symphony Orchestra, Reiner, Fritz"
      ],
      "artist": [
        "Gioachino Rossini"
      ],
      "artists": [
        "Gioachino Rossini"
      ],
      "artistsort": [
        "Rossini, Gioachino"
      ],
      "composer": [
        "Gioacchino Rossini"
      ],
      "date": [
        "2013"
      ],
      "discnumber": [
        "33"
      ],
      "disctotal": [
        "15"
      ],
      "file_name": "CD33 06 La Cenerentola.flac",
      "genre": [
        "Classical"
      ],
      "isrc": [
        "USSM11301689"
      ],
      "label": [
        "Sony Classical"
      ],
      "media": [
        "CD"
      ],
      "musicbrainz_albumartistid": [
        "509c772e-1164-4457-8d09-0553cfa77d64",
        "6a720f84-d307-4aa4-a75f-7d85bef56ede"
      ],
      "musicbrainz_albumid": [
        "fb892d10-2ba6-4824-9d0d-fd5037658418"
      ],
      "musicbrainz_artistid": [
        "846be3c9-5f94-46ab-97b9-531335dd3658"
      ],
      "musicbrainz_recordingid": [
        "00a0e944-9071-45bb-81f0-ad6150a04e16"
      ],
      "musicbrainz_releasegroupid": [
        "981390aa-17f6-4185-bc8c-c59fe1f83be1"
      ],
      "musicbrainz_releasetrackid": [
        "6ed3f9af-e268-4466-aa20-dde7632327bc"
      ],
      "originaldate": [
        "2013"
      ],
      "releasecountry": [
        "US"
      ],
      "releasestatus": [
        "official"
      ],
      "releasetype": [
        "album",
        "compilation"
      ],
      "script": [
        "Latn"
      ],
      "title": [
        "La Cenerentola"
      ],
      "totaldiscs": [
        "15"
      ],
      "totaltracks": [
        "6"
      ],
      "tracknumber": [
        "6"
      ],
      "tracktotal": [
        "6"
      ]
    },
    "version": {
      "highlevel": {
        "essentia": "2.1-beta1",
        "essentia_build_sha": "8e24b98b71ad84f3024c7541412f02124a26d327",
        "essentia_git_sha": "v2.1_beta1-228-g260734a",
        "extractor": "music 1.0",
        "gaia": "2.4-dev",
        "gaia_git_sha": "857329b",
        "models_essentia_git_sha": "v2.1_beta1"
      },
      "lowlevel": {
        "essentia": "2.1-beta1",
        "essentia_build_sha": "5c9e65ec81695c916afb4cba055c226bfc528ee6",
        "essentia_git_sha": "v2.1_beta1-28-g21ef5f4",
        "extractor": "music 1.0"
      }
    }
  }
}